{
  "js_divergence_95": 0.09566478681012539,
  "wasserstein_95": 0.04326958776213835
}