proporcion,js_divergence,wasserstein,porcentaje_detectado_p0,porcentaje_detectado_full
1,0.34511341060517614,0.0354181916447637,0.0,0.0
2,0.36393705684839533,0.041875605378675004,0.0,0.0
5,0.3349718625954618,0.0434483810679193,0.0,0.0
10,0.3425395487673413,0.060145094953854505,0.0,0.0
15,0.3550950991174202,0.06716549436265976,0.0,0.0
20,0.3224187756551485,0.07965275399503469,0.0,0.0
25,0.33060414081624806,0.09960326217102429,0.0,0.0
