{
  "IF_P0": {
    "mean_score": 0.12982231895204113,
    "std_score": 0.07255213322435704,
    "min_score": -0.21471251083435894,
    "max_score": 0.18451516407552615,
    "outliers_pct": 0.0
  },
  "IF_FULL": {
    "mean_score": 0.12321360681746635,
    "std_score": 0.0724324813946769,
    "min_score": -0.26978809135363413,
    "max_score": 0.1810794621818042,
    "outliers_pct": 0.00030819083176302766
  },
  "THRESHOLD_OPT": 0.26878809135363413
}