{
    "js_divergence": {
        "mean": 0.07618098373488023,
        "std": 0.01475183684675869,
        "percentile_95": 0.09566478681012539,
        "percentile_99": 0.1059644942716716,
        "min": 0.0,
        "max": 0.123877945745254
    },
    "wasserstein": {
        "mean": 0.03500997022274803,
        "std": 0.00604873304116896,
        "percentile_95": 0.04326958776213835,
        "percentile_99": 0.0464727960317234,
        "min": 0.0,
        "max": 0.055289563011092
    }
}